{
  "mean": [
    0.6864609437833393,
    0.5534345620480285,
    0.7187172954823893
  ],
  "std": [
    0.18722252278327903,
    0.26679424300841664,
    0.16788759187664415
  ]
}