{
  "mean": [
    0.8461123334500709,
    0.8181881670128927,
    0.8396328177126106
  ],
  "std": [
    0.15422885530869604,
    0.19460989079464583,
    0.16390648194643512
  ]
}