{
  "mean": [
    0.5495386339939401,
    0.47167680803991713,
    0.5675961170856801
  ],
  "std": [
    0.366459636914066,
    0.36883178219368845,
    0.36852954252591347
  ]
}