{
  "mean": [
    0.6882289575987949,
    0.5553806404608026,
    0.7197871115434797
  ],
  "std": [
    0.18623952618199316,
    0.2660217503121025,
    0.16682758075198703
  ]
}