{
  "mean": [
    0.6373687387507826,
    0.4714887870572047,
    0.6819942518944334
  ],
  "std": [
    0.16588005224022484,
    0.22885762047453861,
    0.14766238390403486
  ]
}