{
  "mean": [
    0.6368921573422014,
    0.47123379018322903,
    0.68117103954747
  ],
  "std": [
    0.16786568766054685,
    0.23021440873942667,
    0.15050164725128606
  ]
}