{
  "mean": [
    0.6371356749086639,
    0.4710428321535752,
    0.6819473553301149
  ],
  "std": [
    0.15933388317852942,
    0.2243649406538118,
    0.1407627221148286
  ]
}